ID,SUBCLASS
TEST_0000,LGG
TEST_0001,LGG
TEST_0002,LGG
TEST_0003,LGG
TEST_0004,LGG
TEST_0005,LGG
TEST_0006,LGG
TEST_0007,LGG
TEST_0008,LGG
TEST_0009,LGG
TEST_0010,LGG
TEST_0011,LGG
TEST_0012,LGG
TEST_0013,LGG
TEST_0014,LGG
TEST_0015,LGG
TEST_0016,LGG
TEST_0017,LGG
TEST_0018,LGG
TEST_0019,LGG
TEST_0020,LGG
TEST_0021,LGG
TEST_0022,LGG
TEST_0023,LGG
TEST_0024,LGG
TEST_0025,LGG
TEST_0026,LGG
TEST_0027,LGG
TEST_0028,LGG
TEST_0029,LGG
TEST_0030,LGG
TEST_0031,LGG
TEST_0032,LGG
TEST_0033,LGG
TEST_0034,LGG
TEST_0035,LGG
TEST_0036,LGG
TEST_0037,LGG
TEST_0038,LGG
TEST_0039,LGG
TEST_0040,LGG
TEST_0041,LGG
TEST_0042,LGG
TEST_0043,LGG
TEST_0044,LGG
TEST_0045,LGG
TEST_0046,LGG
TEST_0047,LGG
TEST_0048,LGG
TEST_0049,LGG
TEST_0050,LGG
TEST_0051,LGG
TEST_0052,LGG
TEST_0053,LGG
TEST_0054,LGG
TEST_0055,LGG
TEST_0056,LGG
TEST_0057,LGG
TEST_0058,LGG
TEST_0059,LGG
TEST_0060,LGG
TEST_0061,LGG
TEST_0062,LGG
TEST_0063,LGG
TEST_0064,LGG
TEST_0065,LGG
TEST_0066,LGG
TEST_0067,LGG
TEST_0068,LGG
TEST_0069,LGG
TEST_0070,LGG
TEST_0071,LGG
TEST_0072,LGG
TEST_0073,LGG
TEST_0074,LGG
TEST_0075,LGG
TEST_0076,LGG
TEST_0077,LGG
TEST_0078,LGG
TEST_0079,LGG
TEST_0080,LGG
TEST_0081,LGG
TEST_0082,LGG
TEST_0083,LGG
TEST_0084,LGG
TEST_0085,LGG
TEST_0086,LGG
TEST_0087,LGG
TEST_0088,LGG
TEST_0089,LGG
TEST_0090,LGG
TEST_0091,LGG
TEST_0092,LGG
TEST_0093,LGG
TEST_0094,LGG
TEST_0095,LGG
TEST_0096,LGG
TEST_0097,LGG
TEST_0098,LGG
TEST_0099,LGG
TEST_0100,LGG
TEST_0101,LGG
TEST_0102,LGG
TEST_0103,LGG
TEST_0104,LGG
TEST_0105,LGG
TEST_0106,LGG
TEST_0107,LGG
TEST_0108,LGG
TEST_0109,LGG
TEST_0110,LGG
TEST_0111,LGG
TEST_0112,LGG
TEST_0113,LGG
TEST_0114,LGG
TEST_0115,LGG
TEST_0116,LGG
TEST_0117,LGG
TEST_0118,LGG
TEST_0119,LGG
TEST_0120,LGG
TEST_0121,LGG
TEST_0122,LGG
TEST_0123,LGG
TEST_0124,LGG
TEST_0125,LGG
TEST_0126,LGG
TEST_0127,LGG
TEST_0128,LGG
TEST_0129,LGG
TEST_0130,LGG
TEST_0131,LGG
TEST_0132,LGG
TEST_0133,LGG
TEST_0134,LGG
TEST_0135,LGG
TEST_0136,LGG
TEST_0137,LGG
TEST_0138,LGG
TEST_0139,LGG
TEST_0140,LGG
TEST_0141,LGG
TEST_0142,LGG
TEST_0143,LGG
TEST_0144,LGG
TEST_0145,LGG
TEST_0146,LGG
TEST_0147,LGG
TEST_0148,LGG
TEST_0149,LGG
TEST_0150,LGG
TEST_0151,LGG
TEST_0152,LGG
TEST_0153,LGG
TEST_0154,LGG
TEST_0155,LGG
TEST_0156,LGG
TEST_0157,LGG
TEST_0158,LGG
TEST_0159,LGG
TEST_0160,LGG
TEST_0161,LGG
TEST_0162,LGG
TEST_0163,LGG
TEST_0164,LGG
TEST_0165,LGG
TEST_0166,LGG
TEST_0167,LGG
TEST_0168,LGG
TEST_0169,LGG
TEST_0170,LGG
TEST_0171,LGG
TEST_0172,LGG
TEST_0173,LGG
TEST_0174,LGG
TEST_0175,LGG
TEST_0176,LGG
TEST_0177,LGG
TEST_0178,LGG
TEST_0179,LGG
TEST_0180,LGG
TEST_0181,LGG
TEST_0182,LGG
TEST_0183,LGG
TEST_0184,LGG
TEST_0185,LGG
TEST_0186,LGG
TEST_0187,LGG
TEST_0188,LGG
TEST_0189,LGG
TEST_0190,LGG
TEST_0191,LGG
TEST_0192,LGG
TEST_0193,LGG
TEST_0194,LGG
TEST_0195,LGG
TEST_0196,LGG
TEST_0197,LGG
TEST_0198,LGG
TEST_0199,LGG
TEST_0200,LGG
TEST_0201,LGG
TEST_0202,LGG
TEST_0203,LGG
TEST_0204,LGG
TEST_0205,LGG
TEST_0206,LGG
TEST_0207,LGG
TEST_0208,LGG
TEST_0209,LGG
TEST_0210,LGG
TEST_0211,LGG
TEST_0212,LGG
TEST_0213,LGG
TEST_0214,LGG
TEST_0215,LGG
TEST_0216,LGG
TEST_0217,LGG
TEST_0218,LGG
TEST_0219,LGG
TEST_0220,LGG
TEST_0221,LGG
TEST_0222,LGG
TEST_0223,LGG
TEST_0224,LGG
TEST_0225,LGG
TEST_0226,LGG
TEST_0227,LGG
TEST_0228,LGG
TEST_0229,LGG
TEST_0230,LGG
TEST_0231,LGG
TEST_0232,LGG
TEST_0233,LGG
TEST_0234,LGG
TEST_0235,LGG
TEST_0236,LGG
TEST_0237,LGG
TEST_0238,LGG
TEST_0239,LGG
TEST_0240,LGG
TEST_0241,LGG
TEST_0242,LGG
TEST_0243,LGG
TEST_0244,LGG
TEST_0245,LGG
TEST_0246,LGG
TEST_0247,LGG
TEST_0248,LGG
TEST_0249,LGG
TEST_0250,LGG
TEST_0251,LGG
TEST_0252,LGG
TEST_0253,LGG
TEST_0254,LGG
TEST_0255,LGG
TEST_0256,LGG
TEST_0257,LGG
TEST_0258,LGG
TEST_0259,LGG
TEST_0260,LGG
TEST_0261,LGG
TEST_0262,LGG
TEST_0263,LGG
TEST_0264,LGG
TEST_0265,LGG
TEST_0266,LGG
TEST_0267,LGG
TEST_0268,LGG
TEST_0269,LGG
TEST_0270,LGG
TEST_0271,LGG
TEST_0272,LGG
TEST_0273,LGG
TEST_0274,LGG
TEST_0275,LGG
TEST_0276,LGG
TEST_0277,LGG
TEST_0278,LGG
TEST_0279,LGG
TEST_0280,LGG
TEST_0281,LGG
TEST_0282,LGG
TEST_0283,LGG
TEST_0284,LGG
TEST_0285,LGG
TEST_0286,LGG
TEST_0287,LGG
TEST_0288,LGG
TEST_0289,LGG
TEST_0290,LGG
TEST_0291,LGG
TEST_0292,LGG
TEST_0293,LGG
TEST_0294,LGG
TEST_0295,LGG
TEST_0296,LGG
TEST_0297,LGG
TEST_0298,LGG
TEST_0299,LGG
TEST_0300,LGG
TEST_0301,LGG
TEST_0302,LGG
TEST_0303,LGG
TEST_0304,LGG
TEST_0305,LGG
TEST_0306,LGG
TEST_0307,LGG
TEST_0308,LGG
TEST_0309,LGG
TEST_0310,LGG
TEST_0311,LGG
TEST_0312,LGG
TEST_0313,LGG
TEST_0314,LGG
TEST_0315,LGG
TEST_0316,LGG
TEST_0317,LGG
TEST_0318,LGG
TEST_0319,LGG
TEST_0320,LGG
TEST_0321,LGG
TEST_0322,LGG
TEST_0323,LGG
TEST_0324,LGG
TEST_0325,LGG
TEST_0326,LGG
TEST_0327,LGG
TEST_0328,LGG
TEST_0329,LGG
TEST_0330,LGG
TEST_0331,LGG
TEST_0332,LGG
TEST_0333,LGG
TEST_0334,LGG
TEST_0335,LGG
TEST_0336,LGG
TEST_0337,LGG
TEST_0338,LGG
TEST_0339,LGG
TEST_0340,LGG
TEST_0341,LGG
TEST_0342,LGG
TEST_0343,LGG
TEST_0344,LGG
TEST_0345,LGG
TEST_0346,LGG
TEST_0347,LGG
TEST_0348,LGG
TEST_0349,LGG
TEST_0350,LGG
TEST_0351,LGG
TEST_0352,LGG
TEST_0353,LGG
TEST_0354,LGG
TEST_0355,LGG
TEST_0356,LGG
TEST_0357,LGG
TEST_0358,LGG
TEST_0359,LGG
TEST_0360,LGG
TEST_0361,LGG
TEST_0362,LGG
TEST_0363,LGG
TEST_0364,LGG
TEST_0365,LGG
TEST_0366,LGG
TEST_0367,LGG
TEST_0368,LGG
TEST_0369,LGG
TEST_0370,LGG
TEST_0371,LGG
TEST_0372,LGG
TEST_0373,LGG
TEST_0374,LGG
TEST_0375,LGG
TEST_0376,LGG
TEST_0377,LGG
TEST_0378,LGG
TEST_0379,LGG
TEST_0380,LGG
TEST_0381,LGG
TEST_0382,LGG
TEST_0383,LGG
TEST_0384,LGG
TEST_0385,LGG
TEST_0386,LGG
TEST_0387,LGG
TEST_0388,LGG
TEST_0389,LGG
TEST_0390,LGG
TEST_0391,LGG
TEST_0392,LGG
TEST_0393,LGG
TEST_0394,LGG
TEST_0395,LGG
TEST_0396,LGG
TEST_0397,LGG
TEST_0398,LGG
TEST_0399,LGG
TEST_0400,LGG
TEST_0401,LGG
TEST_0402,LGG
TEST_0403,LGG
TEST_0404,LGG
TEST_0405,LGG
TEST_0406,LGG
TEST_0407,LGG
TEST_0408,LGG
TEST_0409,LGG
TEST_0410,LGG
TEST_0411,LGG
TEST_0412,LGG
TEST_0413,LGG
TEST_0414,LGG
TEST_0415,LGG
TEST_0416,LGG
TEST_0417,LGG
TEST_0418,LGG
TEST_0419,LGG
TEST_0420,LGG
TEST_0421,LGG
TEST_0422,LGG
TEST_0423,LGG
TEST_0424,LGG
TEST_0425,LGG
TEST_0426,LGG
TEST_0427,LGG
TEST_0428,LGG
TEST_0429,LGG
TEST_0430,LGG
TEST_0431,LGG
TEST_0432,LGG
TEST_0433,LGG
TEST_0434,LGG
TEST_0435,LGG
TEST_0436,LGG
TEST_0437,LGG
TEST_0438,LGG
TEST_0439,LGG
TEST_0440,LGG
TEST_0441,LGG
TEST_0442,LGG
TEST_0443,LGG
TEST_0444,LGG
TEST_0445,LGG
TEST_0446,LGG
TEST_0447,LGG
TEST_0448,LGG
TEST_0449,LGG
TEST_0450,LGG
TEST_0451,LGG
TEST_0452,LGG
TEST_0453,LGG
TEST_0454,LGG
TEST_0455,LGG
TEST_0456,LGG
TEST_0457,LGG
TEST_0458,LGG
TEST_0459,LGG
TEST_0460,LGG
TEST_0461,LGG
TEST_0462,LGG
TEST_0463,LGG
TEST_0464,LGG
TEST_0465,LGG
TEST_0466,LGG
TEST_0467,LGG
TEST_0468,LGG
TEST_0469,LGG
TEST_0470,LGG
TEST_0471,LGG
TEST_0472,LGG
TEST_0473,LGG
TEST_0474,LGG
TEST_0475,LGG
TEST_0476,LGG
TEST_0477,LGG
TEST_0478,LGG
TEST_0479,LGG
TEST_0480,LGG
TEST_0481,LGG
TEST_0482,LGG
TEST_0483,LGG
TEST_0484,LGG
TEST_0485,LGG
TEST_0486,LGG
TEST_0487,LGG
TEST_0488,LGG
TEST_0489,LGG
TEST_0490,LGG
TEST_0491,LGG
TEST_0492,LGG
TEST_0493,LGG
TEST_0494,LGG
TEST_0495,LGG
TEST_0496,LGG
TEST_0497,LGG
TEST_0498,LGG
TEST_0499,LGG
TEST_0500,LGG
TEST_0501,LGG
TEST_0502,LGG
TEST_0503,LGG
TEST_0504,LGG
TEST_0505,LGG
TEST_0506,LGG
TEST_0507,LGG
TEST_0508,LGG
TEST_0509,LGG
TEST_0510,LGG
TEST_0511,LGG
TEST_0512,LGG
TEST_0513,LGG
TEST_0514,LGG
TEST_0515,LGG
TEST_0516,LGG
TEST_0517,LGG
TEST_0518,LGG
TEST_0519,LGG
TEST_0520,LGG
TEST_0521,LGG
TEST_0522,LGG
TEST_0523,LGG
TEST_0524,LGG
TEST_0525,LGG
TEST_0526,LGG
TEST_0527,LGG
TEST_0528,LGG
TEST_0529,LGG
TEST_0530,LGG
TEST_0531,LGG
TEST_0532,LGG
TEST_0533,LGG
TEST_0534,LGG
TEST_0535,LGG
TEST_0536,LGG
TEST_0537,LGG
TEST_0538,LGG
TEST_0539,LGG
TEST_0540,LGG
TEST_0541,LGG
TEST_0542,LGG
TEST_0543,LGG
TEST_0544,LGG
TEST_0545,LGG
TEST_0546,LGG
TEST_0547,LGG
TEST_0548,LGG
TEST_0549,LGG
TEST_0550,LGG
TEST_0551,LGG
TEST_0552,LGG
TEST_0553,LGG
TEST_0554,LGG
TEST_0555,LGG
TEST_0556,LGG
TEST_0557,LGG
TEST_0558,LGG
TEST_0559,LGG
TEST_0560,LGG
TEST_0561,LGG
TEST_0562,LGG
TEST_0563,LGG
TEST_0564,LGG
TEST_0565,LGG
TEST_0566,LGG
TEST_0567,LGG
TEST_0568,LGG
TEST_0569,LGG
TEST_0570,LGG
TEST_0571,LGG
TEST_0572,LGG
TEST_0573,LGG
TEST_0574,LGG
TEST_0575,LGG
TEST_0576,LGG
TEST_0577,LGG
TEST_0578,LGG
TEST_0579,LGG
TEST_0580,LGG
TEST_0581,LGG
TEST_0582,LGG
TEST_0583,LGG
TEST_0584,LGG
TEST_0585,LGG
TEST_0586,LGG
TEST_0587,LGG
TEST_0588,LGG
TEST_0589,LGG
TEST_0590,LGG
TEST_0591,LGG
TEST_0592,LGG
TEST_0593,LGG
TEST_0594,LGG
TEST_0595,LGG
TEST_0596,LGG
TEST_0597,LGG
TEST_0598,LGG
TEST_0599,LGG
TEST_0600,LGG
TEST_0601,LGG
TEST_0602,LGG
TEST_0603,LGG
TEST_0604,LGG
TEST_0605,LGG
TEST_0606,LGG
TEST_0607,LGG
TEST_0608,LGG
TEST_0609,LGG
TEST_0610,LGG
TEST_0611,LGG
TEST_0612,LGG
TEST_0613,LGG
TEST_0614,LGG
TEST_0615,LGG
TEST_0616,LGG
TEST_0617,LGG
TEST_0618,LGG
TEST_0619,LGG
TEST_0620,LGG
TEST_0621,LGG
TEST_0622,LGG
TEST_0623,LGG
TEST_0624,LGG
TEST_0625,LGG
TEST_0626,LGG
TEST_0627,LGG
TEST_0628,LGG
TEST_0629,LGG
TEST_0630,LGG
TEST_0631,LGG
TEST_0632,LGG
TEST_0633,LGG
TEST_0634,LGG
TEST_0635,LGG
TEST_0636,LGG
TEST_0637,LGG
TEST_0638,LGG
TEST_0639,LGG
TEST_0640,LGG
TEST_0641,LGG
TEST_0642,LGG
TEST_0643,LGG
TEST_0644,LGG
TEST_0645,LGG
TEST_0646,LGG
TEST_0647,LGG
TEST_0648,LGG
TEST_0649,LGG
TEST_0650,LGG
TEST_0651,LGG
TEST_0652,LGG
TEST_0653,LGG
TEST_0654,LGG
TEST_0655,LGG
TEST_0656,LGG
TEST_0657,LGG
TEST_0658,LGG
TEST_0659,LGG
TEST_0660,LGG
TEST_0661,LGG
TEST_0662,LGG
TEST_0663,LGG
TEST_0664,LGG
TEST_0665,LGG
TEST_0666,LGG
TEST_0667,LGG
TEST_0668,LGG
TEST_0669,LGG
TEST_0670,LGG
TEST_0671,LGG
TEST_0672,LGG
TEST_0673,LGG
TEST_0674,LGG
TEST_0675,LGG
TEST_0676,LGG
TEST_0677,LGG
TEST_0678,LGG
TEST_0679,LGG
TEST_0680,LGG
TEST_0681,LGG
TEST_0682,LGG
TEST_0683,LGG
TEST_0684,LGG
TEST_0685,LGG
TEST_0686,LGG
TEST_0687,LGG
TEST_0688,LGG
TEST_0689,LGG
TEST_0690,LGG
TEST_0691,LGG
TEST_0692,LGG
TEST_0693,LGG
TEST_0694,LGG
TEST_0695,LGG
TEST_0696,LGG
TEST_0697,LGG
TEST_0698,LGG
TEST_0699,LGG
TEST_0700,LGG
TEST_0701,LGG
TEST_0702,LGG
TEST_0703,LGG
TEST_0704,LGG
TEST_0705,LGG
TEST_0706,LGG
TEST_0707,LGG
TEST_0708,LGG
TEST_0709,LGG
TEST_0710,LGG
TEST_0711,LGG
TEST_0712,LGG
TEST_0713,LGG
TEST_0714,LGG
TEST_0715,LGG
TEST_0716,LGG
TEST_0717,LGG
TEST_0718,LGG
TEST_0719,LGG
TEST_0720,LGG
TEST_0721,LGG
TEST_0722,LGG
TEST_0723,LGG
TEST_0724,LGG
TEST_0725,LGG
TEST_0726,LGG
TEST_0727,LGG
TEST_0728,LGG
TEST_0729,LGG
TEST_0730,LGG
TEST_0731,LGG
TEST_0732,LGG
TEST_0733,LGG
TEST_0734,LGG
TEST_0735,LGG
TEST_0736,LGG
TEST_0737,LGG
TEST_0738,LGG
TEST_0739,LGG
TEST_0740,LGG
TEST_0741,LGG
TEST_0742,LGG
TEST_0743,LGG
TEST_0744,LGG
TEST_0745,LGG
TEST_0746,LGG
TEST_0747,LGG
TEST_0748,LGG
TEST_0749,LGG
TEST_0750,LGG
TEST_0751,LGG
TEST_0752,LGG
TEST_0753,LGG
TEST_0754,LGG
TEST_0755,LGG
TEST_0756,LGG
TEST_0757,LGG
TEST_0758,LGG
TEST_0759,LGG
TEST_0760,LGG
TEST_0761,LGG
TEST_0762,LGG
TEST_0763,LGG
TEST_0764,LGG
TEST_0765,LGG
TEST_0766,LGG
TEST_0767,LGG
TEST_0768,LGG
TEST_0769,LGG
TEST_0770,LGG
TEST_0771,LGG
TEST_0772,LGG
TEST_0773,LGG
TEST_0774,LGG
TEST_0775,LGG
TEST_0776,LGG
TEST_0777,LGG
TEST_0778,LGG
TEST_0779,LGG
TEST_0780,LGG
TEST_0781,LGG
TEST_0782,LGG
TEST_0783,LGG
TEST_0784,LGG
TEST_0785,LGG
TEST_0786,LGG
TEST_0787,LGG
TEST_0788,LGG
TEST_0789,LGG
TEST_0790,LGG
TEST_0791,LGG
TEST_0792,LGG
TEST_0793,LGG
TEST_0794,LGG
TEST_0795,LGG
TEST_0796,LGG
TEST_0797,LGG
TEST_0798,LGG
TEST_0799,LGG
TEST_0800,LGG
TEST_0801,LGG
TEST_0802,LGG
TEST_0803,LGG
TEST_0804,LGG
TEST_0805,LGG
TEST_0806,LGG
TEST_0807,LGG
TEST_0808,LGG
TEST_0809,LGG
TEST_0810,LGG
TEST_0811,LGG
TEST_0812,LGG
TEST_0813,LGG
TEST_0814,LGG
TEST_0815,LGG
TEST_0816,LGG
TEST_0817,LGG
TEST_0818,LGG
TEST_0819,LGG
TEST_0820,LGG
TEST_0821,LGG
TEST_0822,LGG
TEST_0823,LGG
TEST_0824,LGG
TEST_0825,LGG
TEST_0826,LGG
TEST_0827,LGG
TEST_0828,LGG
TEST_0829,LGG
TEST_0830,LGG
TEST_0831,LGG
TEST_0832,LGG
TEST_0833,LGG
TEST_0834,LGG
TEST_0835,LGG
TEST_0836,LGG
TEST_0837,LGG
TEST_0838,LGG
TEST_0839,LGG
TEST_0840,LGG
TEST_0841,LGG
TEST_0842,LGG
TEST_0843,LGG
TEST_0844,LGG
TEST_0845,LGG
TEST_0846,LGG
TEST_0847,LGG
TEST_0848,LGG
TEST_0849,LGG
TEST_0850,LGG
TEST_0851,LGG
TEST_0852,LGG
TEST_0853,LGG
TEST_0854,LGG
TEST_0855,LGG
TEST_0856,LGG
TEST_0857,LGG
TEST_0858,LGG
TEST_0859,LGG
TEST_0860,LGG
TEST_0861,LGG
TEST_0862,LGG
TEST_0863,LGG
TEST_0864,LGG
TEST_0865,LGG
TEST_0866,LGG
TEST_0867,LGG
TEST_0868,LGG
TEST_0869,LGG
TEST_0870,LGG
TEST_0871,LGG
TEST_0872,LGG
TEST_0873,LGG
TEST_0874,LGG
TEST_0875,LGG
TEST_0876,LGG
TEST_0877,LGG
TEST_0878,LGG
TEST_0879,LGG
TEST_0880,LGG
TEST_0881,LGG
TEST_0882,LGG
TEST_0883,LGG
TEST_0884,LGG
TEST_0885,LGG
TEST_0886,LGG
TEST_0887,LGG
TEST_0888,LGG
TEST_0889,LGG
TEST_0890,LGG
TEST_0891,LGG
TEST_0892,LGG
TEST_0893,LGG
TEST_0894,LGG
TEST_0895,LGG
TEST_0896,LGG
TEST_0897,LGG
TEST_0898,LGG
TEST_0899,LGG
TEST_0900,LGG
TEST_0901,LGG
TEST_0902,LGG
TEST_0903,LGG
TEST_0904,LGG
TEST_0905,LGG
TEST_0906,LGG
TEST_0907,LGG
TEST_0908,LGG
TEST_0909,LGG
TEST_0910,LGG
TEST_0911,LGG
TEST_0912,LGG
TEST_0913,LGG
TEST_0914,LGG
TEST_0915,LGG
TEST_0916,LGG
TEST_0917,LGG
TEST_0918,LGG
TEST_0919,LGG
TEST_0920,LGG
TEST_0921,LGG
TEST_0922,LGG
TEST_0923,LGG
TEST_0924,LGG
TEST_0925,LGG
TEST_0926,LGG
TEST_0927,LGG
TEST_0928,LGG
TEST_0929,LGG
TEST_0930,LGG
TEST_0931,LGG
TEST_0932,LGG
TEST_0933,LGG
TEST_0934,LGG
TEST_0935,LGG
TEST_0936,LGG
TEST_0937,LGG
TEST_0938,LGG
TEST_0939,LGG
TEST_0940,LGG
TEST_0941,LGG
TEST_0942,LGG
TEST_0943,LGG
TEST_0944,LGG
TEST_0945,LGG
TEST_0946,LGG
TEST_0947,LGG
TEST_0948,LGG
TEST_0949,LGG
TEST_0950,LGG
TEST_0951,LGG
TEST_0952,LGG
TEST_0953,LGG
TEST_0954,LGG
TEST_0955,LGG
TEST_0956,LGG
TEST_0957,LGG
TEST_0958,LGG
TEST_0959,LGG
TEST_0960,LGG
TEST_0961,LGG
TEST_0962,LGG
TEST_0963,LGG
TEST_0964,LGG
TEST_0965,LGG
TEST_0966,LGG
TEST_0967,LGG
TEST_0968,LGG
TEST_0969,LGG
TEST_0970,LGG
TEST_0971,LGG
TEST_0972,LGG
TEST_0973,LGG
TEST_0974,LGG
TEST_0975,LGG
TEST_0976,LGG
TEST_0977,LGG
TEST_0978,LGG
TEST_0979,LGG
TEST_0980,LGG
TEST_0981,LGG
TEST_0982,LGG
TEST_0983,LGG
TEST_0984,LGG
TEST_0985,LGG
TEST_0986,LGG
TEST_0987,LGG
TEST_0988,LGG
TEST_0989,LGG
TEST_0990,LGG
TEST_0991,LGG
TEST_0992,LGG
TEST_0993,LGG
TEST_0994,LGG
TEST_0995,LGG
TEST_0996,LGG
TEST_0997,LGG
TEST_0998,LGG
TEST_0999,LGG
TEST_1000,LGG
TEST_1001,LGG
TEST_1002,LGG
TEST_1003,LGG
TEST_1004,LGG
TEST_1005,LGG
TEST_1006,LGG
TEST_1007,LGG
TEST_1008,LGG
TEST_1009,LGG
TEST_1010,LGG
TEST_1011,LGG
TEST_1012,LGG
TEST_1013,LGG
TEST_1014,LGG
TEST_1015,LGG
TEST_1016,LGG
TEST_1017,LGG
TEST_1018,LGG
TEST_1019,LGG
TEST_1020,LGG
TEST_1021,LGG
TEST_1022,LGG
TEST_1023,LGG
TEST_1024,LGG
TEST_1025,LGG
TEST_1026,LGG
TEST_1027,LGG
TEST_1028,LGG
TEST_1029,LGG
TEST_1030,LGG
TEST_1031,LGG
TEST_1032,LGG
TEST_1033,LGG
TEST_1034,LGG
TEST_1035,LGG
TEST_1036,LGG
TEST_1037,LGG
TEST_1038,LGG
TEST_1039,LGG
TEST_1040,LGG
TEST_1041,LGG
TEST_1042,LGG
TEST_1043,LGG
TEST_1044,LGG
TEST_1045,LGG
TEST_1046,LGG
TEST_1047,LGG
TEST_1048,LGG
TEST_1049,LGG
TEST_1050,LGG
TEST_1051,LGG
TEST_1052,LGG
TEST_1053,LGG
TEST_1054,LGG
TEST_1055,LGG
TEST_1056,LGG
TEST_1057,LGG
TEST_1058,LGG
TEST_1059,LGG
TEST_1060,LGG
TEST_1061,LGG
TEST_1062,LGG
TEST_1063,LGG
TEST_1064,LGG
TEST_1065,LGG
TEST_1066,LGG
TEST_1067,LGG
TEST_1068,LGG
TEST_1069,LGG
TEST_1070,LGG
TEST_1071,LGG
TEST_1072,LGG
TEST_1073,LGG
TEST_1074,LGG
TEST_1075,LGG
TEST_1076,LGG
TEST_1077,LGG
TEST_1078,LGG
TEST_1079,LGG
TEST_1080,LGG
TEST_1081,LGG
TEST_1082,LGG
TEST_1083,LGG
TEST_1084,LGG
TEST_1085,LGG
TEST_1086,LGG
TEST_1087,LGG
TEST_1088,LGG
TEST_1089,LGG
TEST_1090,LGG
TEST_1091,LGG
TEST_1092,LGG
TEST_1093,LGG
TEST_1094,LGG
TEST_1095,LGG
TEST_1096,LGG
TEST_1097,LGG
TEST_1098,LGG
TEST_1099,LGG
TEST_1100,LGG
TEST_1101,LGG
TEST_1102,LGG
TEST_1103,LGG
TEST_1104,LGG
TEST_1105,LGG
TEST_1106,LGG
TEST_1107,LGG
TEST_1108,LGG
TEST_1109,LGG
TEST_1110,LGG
TEST_1111,LGG
TEST_1112,LGG
TEST_1113,LGG
TEST_1114,LGG
TEST_1115,LGG
TEST_1116,LGG
TEST_1117,LGG
TEST_1118,LGG
TEST_1119,LGG
TEST_1120,LGG
TEST_1121,LGG
TEST_1122,LGG
TEST_1123,LGG
TEST_1124,LGG
TEST_1125,LGG
TEST_1126,LGG
TEST_1127,LGG
TEST_1128,LGG
TEST_1129,LGG
TEST_1130,LGG
TEST_1131,LGG
TEST_1132,LGG
TEST_1133,LGG
TEST_1134,LGG
TEST_1135,LGG
TEST_1136,LGG
TEST_1137,LGG
TEST_1138,LGG
TEST_1139,LGG
TEST_1140,LGG
TEST_1141,LGG
TEST_1142,LGG
TEST_1143,LGG
TEST_1144,LGG
TEST_1145,LGG
TEST_1146,LGG
TEST_1147,LGG
TEST_1148,LGG
TEST_1149,LGG
TEST_1150,LGG
TEST_1151,LGG
TEST_1152,LGG
TEST_1153,LGG
TEST_1154,LGG
TEST_1155,LGG
TEST_1156,LGG
TEST_1157,LGG
TEST_1158,LGG
TEST_1159,LGG
TEST_1160,LGG
TEST_1161,LGG
TEST_1162,LGG
TEST_1163,LGG
TEST_1164,LGG
TEST_1165,LGG
TEST_1166,LGG
TEST_1167,LGG
TEST_1168,LGG
TEST_1169,LGG
TEST_1170,LGG
TEST_1171,LGG
TEST_1172,LGG
TEST_1173,LGG
TEST_1174,LGG
TEST_1175,LGG
TEST_1176,LGG
TEST_1177,LGG
TEST_1178,LGG
TEST_1179,LGG
TEST_1180,LGG
TEST_1181,LGG
TEST_1182,LGG
TEST_1183,LGG
TEST_1184,LGG
TEST_1185,LGG
TEST_1186,LGG
TEST_1187,LGG
TEST_1188,LGG
TEST_1189,LGG
TEST_1190,LGG
TEST_1191,LGG
TEST_1192,LGG
TEST_1193,LGG
TEST_1194,LGG
TEST_1195,LGG
TEST_1196,LGG
TEST_1197,LGG
TEST_1198,LGG
TEST_1199,LGG
TEST_1200,LGG
TEST_1201,LGG
TEST_1202,LGG
TEST_1203,LGG
TEST_1204,LGG
TEST_1205,LGG
TEST_1206,LGG
TEST_1207,LGG
TEST_1208,LGG
TEST_1209,LGG
TEST_1210,LGG
TEST_1211,LGG
TEST_1212,LGG
TEST_1213,LGG
TEST_1214,LGG
TEST_1215,LGG
TEST_1216,LGG
TEST_1217,LGG
TEST_1218,LGG
TEST_1219,LGG
TEST_1220,LGG
TEST_1221,LGG
TEST_1222,LGG
TEST_1223,LGG
TEST_1224,LGG
TEST_1225,LGG
TEST_1226,LGG
TEST_1227,LGG
TEST_1228,LGG
TEST_1229,LGG
TEST_1230,LGG
TEST_1231,LGG
TEST_1232,LGG
TEST_1233,LGG
TEST_1234,LGG
TEST_1235,LGG
TEST_1236,LGG
TEST_1237,LGG
TEST_1238,LGG
TEST_1239,LGG
TEST_1240,LGG
TEST_1241,LGG
TEST_1242,LGG
TEST_1243,LGG
TEST_1244,LGG
TEST_1245,LGG
TEST_1246,LGG
TEST_1247,LGG
TEST_1248,LGG
TEST_1249,LGG
TEST_1250,LGG
TEST_1251,LGG
TEST_1252,LGG
TEST_1253,LGG
TEST_1254,LGG
TEST_1255,LGG
TEST_1256,LGG
TEST_1257,LGG
TEST_1258,LGG
TEST_1259,LGG
TEST_1260,LGG
TEST_1261,LGG
TEST_1262,LGG
TEST_1263,LGG
TEST_1264,LGG
TEST_1265,LGG
TEST_1266,LGG
TEST_1267,LGG
TEST_1268,LGG
TEST_1269,LGG
TEST_1270,LGG
TEST_1271,LGG
TEST_1272,LGG
TEST_1273,LGG
TEST_1274,LGG
TEST_1275,LGG
TEST_1276,LGG
TEST_1277,LGG
TEST_1278,LGG
TEST_1279,LGG
TEST_1280,LGG
TEST_1281,LGG
TEST_1282,LGG
TEST_1283,LGG
TEST_1284,LGG
TEST_1285,LGG
TEST_1286,LGG
TEST_1287,LGG
TEST_1288,LGG
TEST_1289,LGG
TEST_1290,LGG
TEST_1291,LGG
TEST_1292,LGG
TEST_1293,LGG
TEST_1294,LGG
TEST_1295,LGG
TEST_1296,LGG
TEST_1297,LGG
TEST_1298,LGG
TEST_1299,LGG
TEST_1300,LGG
TEST_1301,LGG
TEST_1302,LGG
TEST_1303,LGG
TEST_1304,LGG
TEST_1305,LGG
TEST_1306,LGG
TEST_1307,LGG
TEST_1308,LGG
TEST_1309,LGG
TEST_1310,LGG
TEST_1311,LGG
TEST_1312,LGG
TEST_1313,LGG
TEST_1314,LGG
TEST_1315,LGG
TEST_1316,LGG
TEST_1317,LGG
TEST_1318,LGG
TEST_1319,LGG
TEST_1320,LGG
TEST_1321,LGG
TEST_1322,LGG
TEST_1323,LGG
TEST_1324,LGG
TEST_1325,LGG
TEST_1326,LGG
TEST_1327,LGG
TEST_1328,LGG
TEST_1329,LGG
TEST_1330,LGG
TEST_1331,LGG
TEST_1332,LGG
TEST_1333,LGG
TEST_1334,LGG
TEST_1335,LGG
TEST_1336,LGG
TEST_1337,LGG
TEST_1338,LGG
TEST_1339,LGG
TEST_1340,LGG
TEST_1341,LGG
TEST_1342,LGG
TEST_1343,LGG
TEST_1344,LGG
TEST_1345,LGG
TEST_1346,LGG
TEST_1347,LGG
TEST_1348,LGG
TEST_1349,LGG
TEST_1350,LGG
TEST_1351,LGG
TEST_1352,LGG
TEST_1353,LGG
TEST_1354,LGG
TEST_1355,LGG
TEST_1356,LGG
TEST_1357,LGG
TEST_1358,LGG
TEST_1359,LGG
TEST_1360,LGG
TEST_1361,LGG
TEST_1362,LGG
TEST_1363,LGG
TEST_1364,LGG
TEST_1365,LGG
TEST_1366,LGG
TEST_1367,LGG
TEST_1368,LGG
TEST_1369,LGG
TEST_1370,LGG
TEST_1371,LGG
TEST_1372,LGG
TEST_1373,LGG
TEST_1374,LGG
TEST_1375,LGG
TEST_1376,LGG
TEST_1377,LGG
TEST_1378,LGG
TEST_1379,LGG
TEST_1380,LGG
TEST_1381,LGG
TEST_1382,LGG
TEST_1383,LGG
TEST_1384,LGG
TEST_1385,LGG
TEST_1386,LGG
TEST_1387,LGG
TEST_1388,LGG
TEST_1389,LGG
TEST_1390,LGG
TEST_1391,LGG
TEST_1392,LGG
TEST_1393,LGG
TEST_1394,LGG
TEST_1395,LGG
TEST_1396,LGG
TEST_1397,LGG
TEST_1398,LGG
TEST_1399,LGG
TEST_1400,LGG
TEST_1401,LGG
TEST_1402,LGG
TEST_1403,LGG
TEST_1404,LGG
TEST_1405,LGG
TEST_1406,LGG
TEST_1407,LGG
TEST_1408,LGG
TEST_1409,LGG
TEST_1410,LGG
TEST_1411,LGG
TEST_1412,LGG
TEST_1413,LGG
TEST_1414,LGG
TEST_1415,LGG
TEST_1416,LGG
TEST_1417,LGG
TEST_1418,LGG
TEST_1419,LGG
TEST_1420,LGG
TEST_1421,LGG
TEST_1422,LGG
TEST_1423,LGG
TEST_1424,LGG
TEST_1425,LGG
TEST_1426,LGG
TEST_1427,LGG
TEST_1428,LGG
TEST_1429,LGG
TEST_1430,LGG
TEST_1431,LGG
TEST_1432,LGG
TEST_1433,LGG
TEST_1434,LGG
TEST_1435,LGG
TEST_1436,LGG
TEST_1437,LGG
TEST_1438,LGG
TEST_1439,LGG
TEST_1440,LGG
TEST_1441,LGG
TEST_1442,LGG
TEST_1443,LGG
TEST_1444,LGG
TEST_1445,LGG
TEST_1446,LGG
TEST_1447,LGG
TEST_1448,LGG
TEST_1449,LGG
TEST_1450,LGG
TEST_1451,LGG
TEST_1452,LGG
TEST_1453,LGG
TEST_1454,LGG
TEST_1455,LGG
TEST_1456,LGG
TEST_1457,LGG
TEST_1458,LGG
TEST_1459,LGG
TEST_1460,LGG
TEST_1461,LGG
TEST_1462,LGG
TEST_1463,LGG
TEST_1464,LGG
TEST_1465,LGG
TEST_1466,LGG
TEST_1467,LGG
TEST_1468,LGG
TEST_1469,LGG
TEST_1470,LGG
TEST_1471,LGG
TEST_1472,LGG
TEST_1473,LGG
TEST_1474,LGG
TEST_1475,LGG
TEST_1476,LGG
TEST_1477,LGG
TEST_1478,LGG
TEST_1479,LGG
TEST_1480,LGG
TEST_1481,LGG
TEST_1482,LGG
TEST_1483,LGG
TEST_1484,LGG
TEST_1485,LGG
TEST_1486,LGG
TEST_1487,LGG
TEST_1488,LGG
TEST_1489,LGG
TEST_1490,LGG
TEST_1491,LGG
TEST_1492,LGG
TEST_1493,LGG
TEST_1494,LGG
TEST_1495,LGG
TEST_1496,LGG
TEST_1497,LGG
TEST_1498,LGG
TEST_1499,LGG
TEST_1500,LGG
TEST_1501,LGG
TEST_1502,LGG
TEST_1503,LGG
TEST_1504,LGG
TEST_1505,LGG
TEST_1506,LGG
TEST_1507,LGG
TEST_1508,LGG
TEST_1509,LGG
TEST_1510,LGG
TEST_1511,LGG
TEST_1512,LGG
TEST_1513,LGG
TEST_1514,LGG
TEST_1515,LGG
TEST_1516,LGG
TEST_1517,LGG
TEST_1518,LGG
TEST_1519,LGG
TEST_1520,LGG
TEST_1521,LGG
TEST_1522,LGG
TEST_1523,LGG
TEST_1524,LGG
TEST_1525,LGG
TEST_1526,LGG
TEST_1527,LGG
TEST_1528,LGG
TEST_1529,LGG
TEST_1530,LGG
TEST_1531,LGG
TEST_1532,LGG
TEST_1533,LGG
TEST_1534,LGG
TEST_1535,LGG
TEST_1536,LGG
TEST_1537,LGG
TEST_1538,LGG
TEST_1539,LGG
TEST_1540,LGG
TEST_1541,LGG
TEST_1542,LGG
TEST_1543,LGG
TEST_1544,LGG
TEST_1545,LGG
TEST_1546,LGG
TEST_1547,LGG
TEST_1548,LGG
TEST_1549,LGG
TEST_1550,LGG
TEST_1551,LGG
TEST_1552,LGG
TEST_1553,LGG
TEST_1554,LGG
TEST_1555,LGG
TEST_1556,LGG
TEST_1557,LGG
TEST_1558,LGG
TEST_1559,LGG
TEST_1560,LGG
TEST_1561,LGG
TEST_1562,LGG
TEST_1563,LGG
TEST_1564,LGG
TEST_1565,LGG
TEST_1566,LGG
TEST_1567,LGG
TEST_1568,LGG
TEST_1569,LGG
TEST_1570,LGG
TEST_1571,LGG
TEST_1572,LGG
TEST_1573,LGG
TEST_1574,LGG
TEST_1575,LGG
TEST_1576,LGG
TEST_1577,LGG
TEST_1578,LGG
TEST_1579,LGG
TEST_1580,LGG
TEST_1581,LGG
TEST_1582,LGG
TEST_1583,LGG
TEST_1584,LGG
TEST_1585,LGG
TEST_1586,LGG
TEST_1587,LGG
TEST_1588,LGG
TEST_1589,LGG
TEST_1590,LGG
TEST_1591,LGG
TEST_1592,LGG
TEST_1593,LGG
TEST_1594,LGG
TEST_1595,LGG
TEST_1596,LGG
TEST_1597,LGG
TEST_1598,LGG
TEST_1599,LGG
TEST_1600,LGG
TEST_1601,LGG
TEST_1602,LGG
TEST_1603,LGG
TEST_1604,LGG
TEST_1605,LGG
TEST_1606,LGG
TEST_1607,LGG
TEST_1608,LGG
TEST_1609,LGG
TEST_1610,LGG
TEST_1611,LGG
TEST_1612,LGG
TEST_1613,LGG
TEST_1614,LGG
TEST_1615,LGG
TEST_1616,LGG
TEST_1617,LGG
TEST_1618,LGG
TEST_1619,LGG
TEST_1620,LGG
TEST_1621,LGG
TEST_1622,LGG
TEST_1623,LGG
TEST_1624,LGG
TEST_1625,LGG
TEST_1626,LGG
TEST_1627,LGG
TEST_1628,LGG
TEST_1629,LGG
TEST_1630,LGG
TEST_1631,LGG
TEST_1632,LGG
TEST_1633,LGG
TEST_1634,LGG
TEST_1635,LGG
TEST_1636,LGG
TEST_1637,LGG
TEST_1638,LGG
TEST_1639,LGG
TEST_1640,LGG
TEST_1641,LGG
TEST_1642,LGG
TEST_1643,LGG
TEST_1644,LGG
TEST_1645,LGG
TEST_1646,LGG
TEST_1647,LGG
TEST_1648,LGG
TEST_1649,LGG
TEST_1650,LGG
TEST_1651,LGG
TEST_1652,LGG
TEST_1653,LGG
TEST_1654,LGG
TEST_1655,LGG
TEST_1656,LGG
TEST_1657,LGG
TEST_1658,LGG
TEST_1659,LGG
TEST_1660,LGG
TEST_1661,LGG
TEST_1662,LGG
TEST_1663,LGG
TEST_1664,LGG
TEST_1665,LGG
TEST_1666,LGG
TEST_1667,LGG
TEST_1668,LGG
TEST_1669,LGG
TEST_1670,LGG
TEST_1671,LGG
TEST_1672,LGG
TEST_1673,LGG
TEST_1674,LGG
TEST_1675,LGG
TEST_1676,LGG
TEST_1677,LGG
TEST_1678,LGG
TEST_1679,LGG
TEST_1680,LGG
TEST_1681,LGG
TEST_1682,LGG
TEST_1683,LGG
TEST_1684,LGG
TEST_1685,LGG
TEST_1686,LGG
TEST_1687,LGG
TEST_1688,LGG
TEST_1689,LGG
TEST_1690,LGG
TEST_1691,LGG
TEST_1692,LGG
TEST_1693,LGG
TEST_1694,LGG
TEST_1695,LGG
TEST_1696,LGG
TEST_1697,LGG
TEST_1698,LGG
TEST_1699,LGG
TEST_1700,LGG
TEST_1701,LGG
TEST_1702,LGG
TEST_1703,LGG
TEST_1704,LGG
TEST_1705,LGG
TEST_1706,LGG
TEST_1707,LGG
TEST_1708,LGG
TEST_1709,LGG
TEST_1710,LGG
TEST_1711,LGG
TEST_1712,LGG
TEST_1713,LGG
TEST_1714,LGG
TEST_1715,LGG
TEST_1716,LGG
TEST_1717,LGG
TEST_1718,LGG
TEST_1719,LGG
TEST_1720,LGG
TEST_1721,LGG
TEST_1722,LGG
TEST_1723,LGG
TEST_1724,LGG
TEST_1725,LGG
TEST_1726,LGG
TEST_1727,LGG
TEST_1728,LGG
TEST_1729,LGG
TEST_1730,LGG
TEST_1731,LGG
TEST_1732,LGG
TEST_1733,LGG
TEST_1734,LGG
TEST_1735,LGG
TEST_1736,LGG
TEST_1737,LGG
TEST_1738,LGG
TEST_1739,LGG
TEST_1740,LGG
TEST_1741,LGG
TEST_1742,LGG
TEST_1743,LGG
TEST_1744,LGG
TEST_1745,LGG
TEST_1746,LGG
TEST_1747,LGG
TEST_1748,LGG
TEST_1749,LGG
TEST_1750,LGG
TEST_1751,LGG
TEST_1752,LGG
TEST_1753,LGG
TEST_1754,LGG
TEST_1755,LGG
TEST_1756,LGG
TEST_1757,LGG
TEST_1758,LGG
TEST_1759,LGG
TEST_1760,LGG
TEST_1761,LGG
TEST_1762,LGG
TEST_1763,LGG
TEST_1764,LGG
TEST_1765,LGG
TEST_1766,LGG
TEST_1767,LGG
TEST_1768,LGG
TEST_1769,LGG
TEST_1770,LGG
TEST_1771,LGG
TEST_1772,LGG
TEST_1773,LGG
TEST_1774,LGG
TEST_1775,LGG
TEST_1776,LGG
TEST_1777,LGG
TEST_1778,LGG
TEST_1779,LGG
TEST_1780,LGG
TEST_1781,LGG
TEST_1782,LGG
TEST_1783,LGG
TEST_1784,LGG
TEST_1785,LGG
TEST_1786,LGG
TEST_1787,LGG
TEST_1788,LGG
TEST_1789,LGG
TEST_1790,LGG
TEST_1791,LGG
TEST_1792,LGG
TEST_1793,LGG
TEST_1794,LGG
TEST_1795,LGG
TEST_1796,LGG
TEST_1797,LGG
TEST_1798,LGG
TEST_1799,LGG
TEST_1800,LGG
TEST_1801,LGG
TEST_1802,LGG
TEST_1803,LGG
TEST_1804,LGG
TEST_1805,LGG
TEST_1806,LGG
TEST_1807,LGG
TEST_1808,LGG
TEST_1809,LGG
TEST_1810,LGG
TEST_1811,LGG
TEST_1812,LGG
TEST_1813,LGG
TEST_1814,LGG
TEST_1815,LGG
TEST_1816,LGG
TEST_1817,LGG
TEST_1818,LGG
TEST_1819,LGG
TEST_1820,LGG
TEST_1821,LGG
TEST_1822,LGG
TEST_1823,LGG
TEST_1824,LGG
TEST_1825,LGG
TEST_1826,LGG
TEST_1827,LGG
TEST_1828,LGG
TEST_1829,LGG
TEST_1830,LGG
TEST_1831,LGG
TEST_1832,LGG
TEST_1833,LGG
TEST_1834,LGG
TEST_1835,LGG
TEST_1836,LGG
TEST_1837,LGG
TEST_1838,LGG
TEST_1839,LGG
TEST_1840,LGG
TEST_1841,LGG
TEST_1842,LGG
TEST_1843,LGG
TEST_1844,LGG
TEST_1845,LGG
TEST_1846,LGG
TEST_1847,LGG
TEST_1848,LGG
TEST_1849,LGG
TEST_1850,LGG
TEST_1851,LGG
TEST_1852,LGG
TEST_1853,LGG
TEST_1854,LGG
TEST_1855,LGG
TEST_1856,LGG
TEST_1857,LGG
TEST_1858,LGG
TEST_1859,LGG
TEST_1860,LGG
TEST_1861,LGG
TEST_1862,LGG
TEST_1863,LGG
TEST_1864,LGG
TEST_1865,LGG
TEST_1866,LGG
TEST_1867,LGG
TEST_1868,LGG
TEST_1869,LGG
TEST_1870,LGG
TEST_1871,LGG
TEST_1872,LGG
TEST_1873,LGG
TEST_1874,LGG
TEST_1875,LGG
TEST_1876,LGG
TEST_1877,LGG
TEST_1878,LGG
TEST_1879,LGG
TEST_1880,LGG
TEST_1881,LGG
TEST_1882,LGG
TEST_1883,LGG
TEST_1884,LGG
TEST_1885,LGG
TEST_1886,LGG
TEST_1887,LGG
TEST_1888,LGG
TEST_1889,LGG
TEST_1890,LGG
TEST_1891,LGG
TEST_1892,LGG
TEST_1893,LGG
TEST_1894,LGG
TEST_1895,LGG
TEST_1896,LGG
TEST_1897,LGG
TEST_1898,LGG
TEST_1899,LGG
TEST_1900,LGG
TEST_1901,LGG
TEST_1902,LGG
TEST_1903,LGG
TEST_1904,LGG
TEST_1905,LGG
TEST_1906,LGG
TEST_1907,LGG
TEST_1908,LGG
TEST_1909,LGG
TEST_1910,LGG
TEST_1911,LGG
TEST_1912,LGG
TEST_1913,LGG
TEST_1914,LGG
TEST_1915,LGG
TEST_1916,LGG
TEST_1917,LGG
TEST_1918,LGG
TEST_1919,LGG
TEST_1920,LGG
TEST_1921,LGG
TEST_1922,LGG
TEST_1923,LGG
TEST_1924,LGG
TEST_1925,LGG
TEST_1926,LGG
TEST_1927,LGG
TEST_1928,LGG
TEST_1929,LGG
TEST_1930,LGG
TEST_1931,LGG
TEST_1932,LGG
TEST_1933,LGG
TEST_1934,LGG
TEST_1935,LGG
TEST_1936,LGG
TEST_1937,LGG
TEST_1938,LGG
TEST_1939,LGG
TEST_1940,LGG
TEST_1941,LGG
TEST_1942,LGG
TEST_1943,LGG
TEST_1944,LGG
TEST_1945,LGG
TEST_1946,LGG
TEST_1947,LGG
TEST_1948,LGG
TEST_1949,LGG
TEST_1950,LGG
TEST_1951,LGG
TEST_1952,LGG
TEST_1953,LGG
TEST_1954,LGG
TEST_1955,LGG
TEST_1956,LGG
TEST_1957,LGG
TEST_1958,LGG
TEST_1959,LGG
TEST_1960,LGG
TEST_1961,LGG
TEST_1962,LGG
TEST_1963,LGG
TEST_1964,LGG
TEST_1965,LGG
TEST_1966,LGG
TEST_1967,LGG
TEST_1968,LGG
TEST_1969,LGG
TEST_1970,LGG
TEST_1971,LGG
TEST_1972,LGG
TEST_1973,LGG
TEST_1974,LGG
TEST_1975,LGG
TEST_1976,LGG
TEST_1977,LGG
TEST_1978,LGG
TEST_1979,LGG
TEST_1980,LGG
TEST_1981,LGG
TEST_1982,LGG
TEST_1983,LGG
TEST_1984,LGG
TEST_1985,LGG
TEST_1986,LGG
TEST_1987,LGG
TEST_1988,LGG
TEST_1989,LGG
TEST_1990,LGG
TEST_1991,LGG
TEST_1992,LGG
TEST_1993,LGG
TEST_1994,LGG
TEST_1995,LGG
TEST_1996,LGG
TEST_1997,LGG
TEST_1998,LGG
TEST_1999,LGG
TEST_2000,LGG
TEST_2001,LGG
TEST_2002,LGG
TEST_2003,LGG
TEST_2004,LGG
TEST_2005,LGG
TEST_2006,LGG
TEST_2007,LGG
TEST_2008,LGG
TEST_2009,LGG
TEST_2010,LGG
TEST_2011,LGG
TEST_2012,LGG
TEST_2013,LGG
TEST_2014,LGG
TEST_2015,LGG
TEST_2016,LGG
TEST_2017,LGG
TEST_2018,LGG
TEST_2019,LGG
TEST_2020,LGG
TEST_2021,LGG
TEST_2022,LGG
TEST_2023,LGG
TEST_2024,LGG
TEST_2025,LGG
TEST_2026,LGG
TEST_2027,LGG
TEST_2028,LGG
TEST_2029,LGG
TEST_2030,LGG
TEST_2031,LGG
TEST_2032,LGG
TEST_2033,LGG
TEST_2034,LGG
TEST_2035,LGG
TEST_2036,LGG
TEST_2037,LGG
TEST_2038,LGG
TEST_2039,LGG
TEST_2040,LGG
TEST_2041,LGG
TEST_2042,LGG
TEST_2043,LGG
TEST_2044,LGG
TEST_2045,LGG
TEST_2046,LGG
TEST_2047,LGG
TEST_2048,LGG
TEST_2049,LGG
TEST_2050,LGG
TEST_2051,LGG
TEST_2052,LGG
TEST_2053,LGG
TEST_2054,LGG
TEST_2055,LGG
TEST_2056,LGG
TEST_2057,LGG
TEST_2058,LGG
TEST_2059,LGG
TEST_2060,LGG
TEST_2061,LGG
TEST_2062,LGG
TEST_2063,LGG
TEST_2064,LGG
TEST_2065,LGG
TEST_2066,LGG
TEST_2067,LGG
TEST_2068,LGG
TEST_2069,LGG
TEST_2070,LGG
TEST_2071,LGG
TEST_2072,LGG
TEST_2073,LGG
TEST_2074,LGG
TEST_2075,LGG
TEST_2076,LGG
TEST_2077,LGG
TEST_2078,LGG
TEST_2079,LGG
TEST_2080,LGG
TEST_2081,LGG
TEST_2082,LGG
TEST_2083,LGG
TEST_2084,LGG
TEST_2085,LGG
TEST_2086,LGG
TEST_2087,LGG
TEST_2088,LGG
TEST_2089,LGG
TEST_2090,LGG
TEST_2091,LGG
TEST_2092,LGG
TEST_2093,LGG
TEST_2094,LGG
TEST_2095,LGG
TEST_2096,LGG
TEST_2097,LGG
TEST_2098,LGG
TEST_2099,LGG
TEST_2100,LGG
TEST_2101,LGG
TEST_2102,LGG
TEST_2103,LGG
TEST_2104,LGG
TEST_2105,LGG
TEST_2106,LGG
TEST_2107,LGG
TEST_2108,LGG
TEST_2109,LGG
TEST_2110,LGG
TEST_2111,LGG
TEST_2112,LGG
TEST_2113,LGG
TEST_2114,LGG
TEST_2115,LGG
TEST_2116,LGG
TEST_2117,LGG
TEST_2118,LGG
TEST_2119,LGG
TEST_2120,LGG
TEST_2121,LGG
TEST_2122,LGG
TEST_2123,LGG
TEST_2124,LGG
TEST_2125,LGG
TEST_2126,LGG
TEST_2127,LGG
TEST_2128,LGG
TEST_2129,LGG
TEST_2130,LGG
TEST_2131,LGG
TEST_2132,LGG
TEST_2133,LGG
TEST_2134,LGG
TEST_2135,LGG
TEST_2136,LGG
TEST_2137,LGG
TEST_2138,LGG
TEST_2139,LGG
TEST_2140,LGG
TEST_2141,LGG
TEST_2142,LGG
TEST_2143,LGG
TEST_2144,LGG
TEST_2145,LGG
TEST_2146,LGG
TEST_2147,LGG
TEST_2148,LGG
TEST_2149,LGG
TEST_2150,LGG
TEST_2151,LGG
TEST_2152,LGG
TEST_2153,LGG
TEST_2154,LGG
TEST_2155,LGG
TEST_2156,LGG
TEST_2157,LGG
TEST_2158,LGG
TEST_2159,LGG
TEST_2160,LGG
TEST_2161,LGG
TEST_2162,LGG
TEST_2163,LGG
TEST_2164,LGG
TEST_2165,LGG
TEST_2166,LGG
TEST_2167,LGG
TEST_2168,LGG
TEST_2169,LGG
TEST_2170,LGG
TEST_2171,LGG
TEST_2172,LGG
TEST_2173,LGG
TEST_2174,LGG
TEST_2175,LGG
TEST_2176,LGG
TEST_2177,LGG
TEST_2178,LGG
TEST_2179,LGG
TEST_2180,LGG
TEST_2181,LGG
TEST_2182,LGG
TEST_2183,LGG
TEST_2184,LGG
TEST_2185,LGG
TEST_2186,LGG
TEST_2187,LGG
TEST_2188,LGG
TEST_2189,LGG
TEST_2190,LGG
TEST_2191,LGG
TEST_2192,LGG
TEST_2193,LGG
TEST_2194,LGG
TEST_2195,LGG
TEST_2196,LGG
TEST_2197,LGG
TEST_2198,LGG
TEST_2199,LGG
TEST_2200,LGG
TEST_2201,LGG
TEST_2202,LGG
TEST_2203,LGG
TEST_2204,LGG
TEST_2205,LGG
TEST_2206,LGG
TEST_2207,LGG
TEST_2208,LGG
TEST_2209,LGG
TEST_2210,LGG
TEST_2211,LGG
TEST_2212,LGG
TEST_2213,LGG
TEST_2214,LGG
TEST_2215,LGG
TEST_2216,LGG
TEST_2217,LGG
TEST_2218,LGG
TEST_2219,LGG
TEST_2220,LGG
TEST_2221,LGG
TEST_2222,LGG
TEST_2223,LGG
TEST_2224,LGG
TEST_2225,LGG
TEST_2226,LGG
TEST_2227,LGG
TEST_2228,LGG
TEST_2229,LGG
TEST_2230,LGG
TEST_2231,LGG
TEST_2232,LGG
TEST_2233,LGG
TEST_2234,LGG
TEST_2235,LGG
TEST_2236,LGG
TEST_2237,LGG
TEST_2238,LGG
TEST_2239,LGG
TEST_2240,LGG
TEST_2241,LGG
TEST_2242,LGG
TEST_2243,LGG
TEST_2244,LGG
TEST_2245,LGG
TEST_2246,LGG
TEST_2247,LGG
TEST_2248,LGG
TEST_2249,LGG
TEST_2250,LGG
TEST_2251,LGG
TEST_2252,LGG
TEST_2253,LGG
TEST_2254,LGG
TEST_2255,LGG
TEST_2256,LGG
TEST_2257,LGG
TEST_2258,LGG
TEST_2259,LGG
TEST_2260,LGG
TEST_2261,LGG
TEST_2262,LGG
TEST_2263,LGG
TEST_2264,LGG
TEST_2265,LGG
TEST_2266,LGG
TEST_2267,LGG
TEST_2268,LGG
TEST_2269,LGG
TEST_2270,LGG
TEST_2271,LGG
TEST_2272,LGG
TEST_2273,LGG
TEST_2274,LGG
TEST_2275,LGG
TEST_2276,LGG
TEST_2277,LGG
TEST_2278,LGG
TEST_2279,LGG
TEST_2280,LGG
TEST_2281,LGG
TEST_2282,LGG
TEST_2283,LGG
TEST_2284,LGG
TEST_2285,LGG
TEST_2286,LGG
TEST_2287,LGG
TEST_2288,LGG
TEST_2289,LGG
TEST_2290,LGG
TEST_2291,LGG
TEST_2292,LGG
TEST_2293,LGG
TEST_2294,LGG
TEST_2295,LGG
TEST_2296,LGG
TEST_2297,LGG
TEST_2298,LGG
TEST_2299,LGG
TEST_2300,LGG
TEST_2301,LGG
TEST_2302,LGG
TEST_2303,LGG
TEST_2304,LGG
TEST_2305,LGG
TEST_2306,LGG
TEST_2307,LGG
TEST_2308,LGG
TEST_2309,LGG
TEST_2310,LGG
TEST_2311,LGG
TEST_2312,LGG
TEST_2313,LGG
TEST_2314,LGG
TEST_2315,LGG
TEST_2316,LGG
TEST_2317,LGG
TEST_2318,LGG
TEST_2319,LGG
TEST_2320,LGG
TEST_2321,LGG
TEST_2322,LGG
TEST_2323,LGG
TEST_2324,LGG
TEST_2325,LGG
TEST_2326,LGG
TEST_2327,LGG
TEST_2328,LGG
TEST_2329,LGG
TEST_2330,LGG
TEST_2331,LGG
TEST_2332,LGG
TEST_2333,LGG
TEST_2334,LGG
TEST_2335,LGG
TEST_2336,LGG
TEST_2337,LGG
TEST_2338,LGG
TEST_2339,LGG
TEST_2340,LGG
TEST_2341,LGG
TEST_2342,LGG
TEST_2343,LGG
TEST_2344,LGG
TEST_2345,LGG
TEST_2346,LGG
TEST_2347,LGG
TEST_2348,LGG
TEST_2349,LGG
TEST_2350,LGG
TEST_2351,LGG
TEST_2352,LGG
TEST_2353,LGG
TEST_2354,LGG
TEST_2355,LGG
TEST_2356,LGG
TEST_2357,LGG
TEST_2358,LGG
TEST_2359,LGG
TEST_2360,LGG
TEST_2361,LGG
TEST_2362,LGG
TEST_2363,LGG
TEST_2364,LGG
TEST_2365,LGG
TEST_2366,LGG
TEST_2367,LGG
TEST_2368,LGG
TEST_2369,LGG
TEST_2370,LGG
TEST_2371,LGG
TEST_2372,LGG
TEST_2373,LGG
TEST_2374,LGG
TEST_2375,LGG
TEST_2376,LGG
TEST_2377,LGG
TEST_2378,LGG
TEST_2379,LGG
TEST_2380,LGG
TEST_2381,LGG
TEST_2382,LGG
TEST_2383,LGG
TEST_2384,LGG
TEST_2385,LGG
TEST_2386,LGG
TEST_2387,LGG
TEST_2388,LGG
TEST_2389,LGG
TEST_2390,LGG
TEST_2391,LGG
TEST_2392,LGG
TEST_2393,LGG
TEST_2394,LGG
TEST_2395,LGG
TEST_2396,LGG
TEST_2397,LGG
TEST_2398,LGG
TEST_2399,LGG
TEST_2400,LGG
TEST_2401,LGG
TEST_2402,LGG
TEST_2403,LGG
TEST_2404,LGG
TEST_2405,LGG
TEST_2406,LGG
TEST_2407,LGG
TEST_2408,LGG
TEST_2409,LGG
TEST_2410,LGG
TEST_2411,LGG
TEST_2412,LGG
TEST_2413,LGG
TEST_2414,LGG
TEST_2415,LGG
TEST_2416,LGG
TEST_2417,LGG
TEST_2418,LGG
TEST_2419,LGG
TEST_2420,LGG
TEST_2421,LGG
TEST_2422,LGG
TEST_2423,LGG
TEST_2424,LGG
TEST_2425,LGG
TEST_2426,LGG
TEST_2427,LGG
TEST_2428,LGG
TEST_2429,LGG
TEST_2430,LGG
TEST_2431,LGG
TEST_2432,LGG
TEST_2433,LGG
TEST_2434,LGG
TEST_2435,LGG
TEST_2436,LGG
TEST_2437,LGG
TEST_2438,LGG
TEST_2439,LGG
TEST_2440,LGG
TEST_2441,LGG
TEST_2442,LGG
TEST_2443,LGG
TEST_2444,LGG
TEST_2445,LGG
TEST_2446,LGG
TEST_2447,LGG
TEST_2448,LGG
TEST_2449,LGG
TEST_2450,LGG
TEST_2451,LGG
TEST_2452,LGG
TEST_2453,LGG
TEST_2454,LGG
TEST_2455,LGG
TEST_2456,LGG
TEST_2457,LGG
TEST_2458,LGG
TEST_2459,LGG
TEST_2460,LGG
TEST_2461,LGG
TEST_2462,LGG
TEST_2463,LGG
TEST_2464,LGG
TEST_2465,LGG
TEST_2466,LGG
TEST_2467,LGG
TEST_2468,LGG
TEST_2469,LGG
TEST_2470,LGG
TEST_2471,LGG
TEST_2472,LGG
TEST_2473,LGG
TEST_2474,LGG
TEST_2475,LGG
TEST_2476,LGG
TEST_2477,LGG
TEST_2478,LGG
TEST_2479,LGG
TEST_2480,LGG
TEST_2481,LGG
TEST_2482,LGG
TEST_2483,LGG
TEST_2484,LGG
TEST_2485,LGG
TEST_2486,LGG
TEST_2487,LGG
TEST_2488,LGG
TEST_2489,LGG
TEST_2490,LGG
TEST_2491,LGG
TEST_2492,LGG
TEST_2493,LGG
TEST_2494,LGG
TEST_2495,LGG
TEST_2496,LGG
TEST_2497,LGG
TEST_2498,LGG
TEST_2499,LGG
TEST_2500,LGG
TEST_2501,LGG
TEST_2502,LGG
TEST_2503,LGG
TEST_2504,LGG
TEST_2505,LGG
TEST_2506,LGG
TEST_2507,LGG
TEST_2508,LGG
TEST_2509,LGG
TEST_2510,LGG
TEST_2511,LGG
TEST_2512,LGG
TEST_2513,LGG
TEST_2514,LGG
TEST_2515,LGG
TEST_2516,LGG
TEST_2517,LGG
TEST_2518,LGG
TEST_2519,LGG
TEST_2520,LGG
TEST_2521,LGG
TEST_2522,LGG
TEST_2523,LGG
TEST_2524,LGG
TEST_2525,LGG
TEST_2526,LGG
TEST_2527,LGG
TEST_2528,LGG
TEST_2529,LGG
TEST_2530,LGG
TEST_2531,LGG
TEST_2532,LGG
TEST_2533,LGG
TEST_2534,LGG
TEST_2535,LGG
TEST_2536,LGG
TEST_2537,LGG
TEST_2538,LGG
TEST_2539,LGG
TEST_2540,LGG
TEST_2541,LGG
TEST_2542,LGG
TEST_2543,LGG
TEST_2544,LGG
TEST_2545,LGG
